test_auc,train_auc,local_test_auc,model
0.7517763039971322,0.9749815587290845,0.7471278366419031,xgb
0.7441136404373543,0.9530746265081166,0.744299652228041,lgb
