test_auc,train_auc,local_test_auc,model
0.7441572417714065,0.9757775582350352,0.7346344334835383,xgb
0.7304852213581325,0.9493522261010625,0.7331898943152141,lgb
